id,title,price,number_of_room,apt_size,district,city,street_address
0,"3 Zimmer Wohnung zu vermieten, Top 5",€ 648,3 Zimmer,"56,82 m",Bludenz,Bludesch," , Mühleplatz 5 "
2,GENIALE - 2 Zimmer EG - Wohnung in Nüziders zu vermieten Top 09,€ 792,2 Zimmer,58 m,Bludenz,Nüziders," , Im Hag 41 "
4,Traumhafte 2 Zimmer Wohnung im EG zu vermieten - Top 05,€ 854,2 Zimmer,"46,7 m",Bludenz,Bludesch," , Farbgasse 11 "
6,2-Zimmer Dachgeschosswohnung!,€ 790,2 Zimmer,50 m,Bregenz,Bregenz," , Ammianusstraße 2 "
10,Großzügige 2-Zimmer Wohnung,€ 890,2 Zimmer,60 m,Bregenz,Bregenz," , Ammianusstraße 2 "
12,1-Zimmer Dachgeschoss Appartement,€ 450,1 Zimmer,20 m,Bregenz,Bregenz," , Ammianusstraße 2 "
14,3- Zimmer Dachgeschosswohnung,€ 1.015,3 Zimmer,"68,7 m",Feldkirch,Götzis," , Im Buch 20 "
16,Lichtdurchflutete 2-Zimmer Wohnung,€ 860,2 Zimmer,"47,92 m",Feldkirch,Götzis," , Im Buch 20 "
18,Lichtdurchflutete 3-Zimmer Wohnung,€ 1.115,3 Zimmer,"67,73 m",Feldkirch,Götzis," , Im Buch 20 "
20,"3,5-Zimmer-Dachgeschoss-Wohnung mit traumhafter Aussicht",€ 1.080,3 Zimmer,80 m,Bregenz,Kennelbach," , Im Gütle 2 "
22,Sonnige 3-Zimmer-Maisonette mit Balkon,"€ 955,52",3 Zimmer,69 m,Bregenz,Wolfurt,
24,Helle 2-Zimmerwohnung in guter Wohnlage,"€ 871,61",2 Zimmer,"52,15 m",Dornbirn,Dornbirn,
26,Moderne 2-Zimmerdachgeschosswohnung im Stadtzentrum,€ 875,2 Zimmer,"48,51 m",Dornbirn,Dornbirn," , Dr.-Waibel-Straße 5a "
28,Zentrumsnahe 2-Zimmerwohnung mit großzügigem Balkon,€ 878,2 Zimmer,"10,2 m",Dornbirn,Dornbirn," , Josef-Ganahl-Straße 4a "
30,Ruhig gelegene 3-Zimmer-Wohnung mit zwei Autoabstellplätzen,€ 995,3 Zimmer,"72,7 m",Feldkirch,Feldkirch," , Mutterstraße 62 "
34,Gemütliche Mietwohnung mitten im Walgau,€ 1.015,3 Zimmer,"66,79 m",Bludenz,Nenzing," , Heimatstraße 18 "
36,Zentrale Mietwohnung mit Garten in Dornbirn,€ 790,1 Zimmer,"45,21 m",Dornbirn,Dornbirn," , Moosmahdstraße 40 "
38,Penthouse mit atemberaubender Terrasse zu Mieten,€ 1.440,3 Zimmer,"88,2 m",Feldkirch,Feldkirch," , Königshofstraße 45 "
40,Geräumige 3-Zimmer-Mietwohnung in bester Lage in Altenstadt,€ 1.067,3 Zimmer,"85,07 m",Feldkirch,Feldkirch," , Kaiserstraße 48b "
42,Zentrale 1-Zimmer-Wohnung in Dornbirn,€ 695,1 Zimmer,"32,29 m",Dornbirn,Dornbirn," , Moosmahdstraße 40 "
44,Wohlfühlen in Frastanz,€ 1.160,5 Zimmer,"95,31 m",Feldkirch,Frastanz," , Sonnenbergerstraße 42 "
46,Neubau: Moderne 3-Zimmerwohnung mitten im Rheintal,€ 1.060,3 Zimmer,"70,09 m",Dornbirn,Hohenems," , Kaiser-Franz-Josef-Straße 51a "
48,3-Zimmer Wohnung mit Balkon,"€ 858,36",3 Zimmer,70 m,Feldkirch,Frastanz,
52,3-Zimmer Wohnung in ruhiger Lage von Dornbirn,€ 900,3 Zimmer,60 m,Dornbirn,Dornbirn,
54,2-Zimmer Wohnung mit exklusiver Ausstattung,€ 890,2 Zimmer,53 m,Dornbirn,Dornbirn," , Frühlingsstraße 14 "
56,2-Zimmer-Stadtwohnung,"€ 877,20",2 Zimmer,54 m,Dornbirn,Dornbirn," , Riedgasse 32 "
58,Freiraum - moderne 2-Zimmer-Wohnung mit viel Licht und Platz,€ 870,2 Zimmer,"54,1 m",Bregenz,Bregenz," , Feldmoosgasse 1b "
60,Geräumige 4-Zimmer-Wohnung zu mieten,€ 1.235,4 Zimmer,85 m,Bludenz,Gurtis," , Heimatstraße 18 "
62,Exklusive 2-Zimmer Wohnung mit Balkon,€ 948,2 Zimmer,54 m,Feldkirch,Feldkirch,
64,Zwischen Bodensee und Pfänder,€ 1.129,2 Zimmer,"72,85 m",Bregenz,Bregenz," , Belruptstraße 55 "
66,Wohnen am Bodensee!,"€ 724,63",2 Zimmer,"46,45 m",Bregenz,Bregenz,
68,"Schöne 3,5-Zimmer Wohnung in historischem Gebäude",€ 1.406,"3,5 Zimmer",130 m,Bludenz,Nenzing,
70,Neubau! 3-Zimmer Wohnung in exklusiver Lage,"€ 1.605,63",3 Zimmer,146371,Dornbirn,Dornbirn,
72,Traumhafte 3-Zimmer-Dachgeschosswohnung W06 in Wolfurt!,€ 1.234,3 Zimmer,"86,96 m",Bregenz,Wolfurt," , Lerchenstraße 6a "
74,Moderne 3-Zimmerwohnung W02 im Zentrum von Wolfurt!,€ 1.313,3 Zimmer,"87,3 m",Bregenz,Wolfurt," , Kirchstraße 14 "
76,Sehr schöne 3-Zimmer-Terrassenwohnung W07 in Wolfurt - ERSTBEZUG!,"€ 1.314,50",3 Zimmer,"81,22 m",Bregenz,Wolfurt," , Gartenstraße 16 "
78,Zentrale Dachgeschosswohnung in Götzis,Preis auf Anfrage,4 Zimmer,70 m,Feldkirch,Götzis," , "
80,2 Zimmer Mietwohnung im Altstadtkern von Bludenz,€ 790,2 Zimmer,"72,8 m",Bludenz,Bludenz,
82,Exklusives Penthouse W12 in Toplage von Dornbirn!,€ 2.023,3 Zimmer,120 m,Dornbirn,Dornbirn," , Moosmahdstraße 33 "
84,Luxuriöse Neubauwohnung in Dornbirn!,"€ 1.270,50",2 Zimmer,69 m,Dornbirn,Dornbirn," , Oberer Kirchweg "
86,Wunderschöne 4-Zimmerwohnung in Bludenz zur Miete!,"€ 1.813,48",4 Zimmer,120 m,Bludenz,Bludenz,
88,Erstbezug - Exklusive Wohnung zu vermieten,"€ 1.276,25",2 Zimmer,62 m,Dornbirn,Dornbirn,
90,"Jetzt die Chance nützen! Bestlage, Erstbezug!","€ 1.574,53",2 Zimmer,"77,14 m",Dornbirn,Dornbirn," , Wichnerstraße "
92,nette kleine Stadtwohnung,€ 469,1 Zimmer,30 m,Feldkirch,Feldkirch," , Neustadt "
94,3-Zi-MIETKAUFwohnung in Altach - sucht neue Bewohner!!,"€ 941,34",3 Zimmer,"67,48 m",Feldkirch,Altach," , Bauern 65a "
96,Tolle 3-Zimmerwohnungen in der UNION,€ 991,3 Zimmer,65 m,Dornbirn,Lustenau," , Reichsstraße 4+4a "
98,"Zentral, aber dennoch ruhig: 2-Zimmer-Dachgeschosswohnung",€ 941,2 Zimmer,51 m,Dornbirn,Dornbirn," , Mozartstraße 17 "
100,Exklusiv teil-möblierte 4-Zimmerwohnung in Dornbirn,€ 2.398,4 Zimmer,118 m,Dornbirn,Dornbirn," , Schmelzhütterstraße 16 "
102,Schöne 2-Zimmer-Terrassenwohnung in Lustenau,€ 898,2 Zimmer,53 m,Dornbirn,Lustenau," , Kaiser-Franz-Josef-Straße 25b "
104,"Neue, möblierte 2-Zimmer-Wohnung",€ 690,2 Zimmer,25 m,Dornbirn,Dornbirn," , Wallenmahd "
106,Schöne Wohnung in Feldkirch Nofels,€ 1.090,3 Zimmer,88 m,Feldkirch,Feldkirch," , Sebastian-Kneipp-Straße 19 "
108,"Moderne, großzügige 3,5 Zimmerwohnung zu vermieten!",€ 1.100,"3,5 Zimmer","88,71 m",Dornbirn,Lustenau," , Teilenstraße "
110,NEUBAU - Moderne 2 Zimmerwohnung zu vermieten!,€ 955,2 Zimmer,"57,5 m",Dornbirn,Lustenau," , Staldenstraße "
112,"Wohnung mit Gartenanteil - 3,5 Zimmerwohnung in Lustenau zur Miete!",€ 950,"3,5 Zimmer",93 m,Dornbirn,Lustenau," , Hofsteigstraße "
114,"Lässige 3 Zimmerwohnung im Zentrum von Lustenau, Maria-Theresien-Straße!",€ 1.250,3 Zimmer,"76,99 m",Dornbirn,Lustenau," , Maria-Theresien-Straße "
116,2 Zimmerwohnung in guter Lage von Bregenz - Nahe Bodensee!,€ 800,2 Zimmer,"48,29 m",Bregenz,Bregenz," , Beergasse "
118,"Widum, Lustenau - Neue 3 Zimmerwohnung zu vermieten!","€ 1.231,50",3 Zimmer,"78,62 m",Dornbirn,Lustenau,"  , Widum "
120,"NEUBAU - 3 Zimmerwohnung in Lustenau, Widum zu vermieten!",€ 1.207,3 Zimmer,"74,26 m",Dornbirn,Lustenau," , Widum "
122,"Komplett neu - 3 Zimmerwohnung in Lustenau, Widum zu vermieten!",€ 1.022,3 Zimmer,"60,39 m",Dornbirn,Lustenau," , Widum "
124,"3 Zimmerwohnung in Lustenau, Widum zu vermieten - NEUBAU!","€ 1.231,50",3 Zimmer,"78,62 m",Dornbirn,Lustenau," , Widum "
126,"Neue 3 Zimmerwohnung in Lustenau, Widum zur Miete!",€ 1.207,3 Zimmer,"75,99 m",Dornbirn,Lustenau," , Widum "
128,NEUBAU - 2 Zimmerwohnung im 1. Obergeschoss zu vermieten!,€ 955,2 Zimmer,"57,5 m",Dornbirn,Lustenau," , Staldenstraße "
130,NEUBAU Widum - 2 Zimmer Gartenwohnung zu vermieten!,€ 850,2 Zimmer,"49,04 m",Dornbirn,Lustenau," , Widum "
132,"Gartenwohnung in Lustenau, Raiffeisenstraße zu vermieten!",€ 1.320,3 Zimmer,73 m,Dornbirn,Lustenau," , Raiffeisenstraße "
134,Hochmoderne Loftwohnung in exklusiver Wohnanlage in Lustenau!,€ 1.150,4 Zimmer,"79,27 m",Dornbirn,Lustenau," , Glaserweg "
136,"Hohenems, Georg-Schleh-Weg - 3,5 Zimmerwohng zu vermieten!","€ 996,80","3,5 Zimmer","75,63 m",Dornbirn,Hohenems," , Georg-Schleh-Weg "
140,Zentrum Lustenau - 2 Zimmer Neubauwohnung zu vermieten!,€ 910,2 Zimmer,"59,67 m",Dornbirn,Lustenau," , Widum "
142,3 Zimmerwohnung in Hard!,"€ 1.069,09",3 Zimmer,78 m,Bregenz,Hard,
144,"Zentrum Dornbirn, 1 Zimmerwohnung in der Marktstraße!",€ 610,1 Zimmer,40 m,Dornbirn,Dornbirn," , Marktstraße 38a "
146,Zentrum Dornbirn - 1 Zimmerwohnung mit Balkon in der Marktstraße zu vermieten!,€ 660,1 Zimmer,40 m,Dornbirn,Dornbirn," , Marktstraße 38a "
148,3 Zimmerwohnung mit großem Gartenanteil in Lustenau zu vermieten!,€ 1.155,3 Zimmer,"75,72 m",Dornbirn,Lustenau," , Vorachstraße 57b "
150,"Maisonettewohnung in Lauterach, Hubertusweg zu vermieten!",€ 850,"2,5 Zimmer",75 m,Bregenz,Lauterach," , Hubertusweg 10a "
152,NEUBAU - Tolle 2 Zimmerwohnung zu vermieten!,€ 924,2 Zimmer,56 m,Dornbirn,Lustenau," , Staldenstraße "
154,"geräumige, helle 3 Zimmer Wohnung in Traumlage",€ 1.140,3 Zimmer,"74,01 m",Feldkirch,Göfis," , Tufers "
156,"helle 4,5 Zimmer Wohnung mit Balkon",€ 1.300,"4,5 Zimmer",130 m,Feldkirch,Feldkirch," , Drevesstraße "
158,gemütliche 1 Zimmer Wohnung,€ 568,1 Zimmer,"35,18 m",Bludenz,Nüziders," , Im Auland 14 "
160,helle 1 Zimmer Wohnung in ruhiger Lage,"€ 493,33",1 Zimmer,30 m,Bregenz,Wolfurt," , Feldweg "
162,schöne Wohnung in Top Aussichtslage,€ 450,1 Zimmer,30 m,Bregenz,Sulzberg," , Dorf "
164,Erstbezug 2 Zimmer mit Balkon,€ 890,2 Zimmer,"49,74 m",Feldkirch,Feldkirch," , Mozartgasse "
166,"helle, geräumige 2 Zimmer Stadtwohnung","€ 881,50",2 Zimmer,"66,5 m",Feldkirch,Feldkirch," , Marktgasse "
168,Exklusive 2 Zimmer Terrassenwohnung,€ 830,2 Zimmer,52 m,Feldkirch,Feldkirch," , Dorfstraße "
170,neuwertige 3 Zimmer Terrassenwohnung mit herrlichem Weitblick,"€ 1.136,26",3 Zimmer,"78,57 m",Feldkirch,Röthis," , Voralsweg "
172,Innenstadt - 2 Zimmer Wohnung,€ 570,2 Zimmer,40 m,Feldkirch,Feldkirch," , Schmiedgasse "
174,"""die Besondere"" 3 Zimmer Altstadt-Wohnung",€ 1.070,3 Zimmer,"63,75 m",Feldkirch,Feldkirch," , Neustadt "
176,helle 2 Zimmer Wohnung mit Balkon,"€ 828,91",2 Zimmer,60 m,Bregenz,Bregenz," , Reutegasse "
178,"helle 2,5 Zimmer Terrassenwohnung",€ 770,"2,5 Zimmer",55 m,Bludenz,Bludenz," , Im Hag "
180,"neu renovierte, helle 3 Zimmer Wohnung mit Balkon",€ 850,3 Zimmer,50 m,Dornbirn,Dornbirn," , Moosmahdstraße "
182,"helle, geräumige 2 Zimmer Terrassenwohnung","€ 761,20",2 Zimmer,50 m,Feldkirch,Feldkirch," , Im Glend "
184,"gemütliche, helle 2,5 Zimmer Terrassenwohnung",€ 820,"2,5 Zimmer","51,48 m",Feldkirch,Feldkirch," , Drevesstraße "
186,"helle 2,5 Zimmer Wohnung",€ 700,2 Zimmer,"42,78 m",Dornbirn,Dornbirn," , Bildgasse "
188,günstige 3 Zimmer Wohnung in zentraler Lage,"€ 657,17",3 Zimmer,62 m,Bregenz,Lauterach," , Bundesstraße "
190,günstige einfache 3 Zimmer Wohnung,"€ 718,98",3 Zimmer,78 m,Bregenz,Lauterach," , Bundesstraße "
192,gemütliche 1 Zimmer Wohnung mit Balkon,"€ 534,94",1 Zimmer,"34,8 m",Bludenz,Nüziders," , Im Auland "
194,"helle, gemütliche 3 Zimmer Terrassenwohnung","€ 1.108,62",3 Zimmer,87 m,Bregenz,Lauterach," , Frühlingsgarten "
196,Moderne 3-Zimmerwohnung in zentraler Lage,€ 995,3 Zimmer,80 m,Dornbirn,Dornbirn," , Schulgasse 22 "
198,"geräumige 3,5 Zimmer Stadtwohnung","€ 987,60","3,5 Zimmer","95,19 m",Bregenz,Bregenz," , Neugasse "
200,Vodere Achmühle - 3 Zimmerwohnung in Dornbirn zu vermieten,"€ 989,29",3 Zimmer,"58,6 m",Dornbirn,Dornbirn," , Vordere Achmühlestraße "
202,"Grenznahe, helle 1 Zimmer Wohnung mit Balkon",€ 605,1 Zimmer,30 m,Feldkirch,Feldkirch," , Liechtensteinerstraße 27 "
204,gemütliche 3 Zimmer Wohnung mit Balkon,"€ 672,49",3 Zimmer,"55,04 m",Bludenz,Bludesch," , Hauptstraße "
206,"modern möblierte, helle 2 Zimmer Whg. in der City von Feldkirch",€ 750,2 Zimmer,65 m,Feldkirch,Feldkirch," , Vorstadt "
208,"helle 2,5 Zimmer Wohnung mit Balkon",€ 760,"2,5 Zimmer",50 m,Feldkirch,Feldkirch," , Alvierstraße "
210,"gemütliche, helle 2 Zimmer Wohnung in ruhiger Lage","€ 676,37",2 Zimmer,50 m,Feldkirch,Götzis," , Unteres Tobel "
212,"helle 1,5 Zimmer Wohnung mit Terrasse","€ 602,39","1,5 Zimmer","35,23 m",Feldkirch,Feldkirch," , Rauhenweg "
214,"geräumige, helle 2 Zimmer Terrassenwohnung mit Garten",€ 825,2 Zimmer,"49,92 m",Feldkirch,Röthis," , Voralsweg "
216,gemütliche 2 Zimmer Wohnung mit Balkon,"€ 641,14",2 Zimmer,"46,25 m",Bludenz,Bludenz," , Bundesstraße 5 "
218,geräumige 2 Zimmer Wohnung,"€ 577,48",2 Zimmer,62 m,Bregenz,Lauterach," , Bundesstraße "
220,gemütliche 2 Zimmer Wohnung in zentraler Lage,"€ 594,43",2 Zimmer,62 m,Bludenz,Bludesch," , Hauptstraße "
222,schöne helle 2 Zimmer Neubau Terrassenwohnung,"€ 842,76",2 Zimmer,"52,84 m",Dornbirn,Dornbirn," , Lustenauerstraße "
224,Sehr schöne 3-Zimmer-Wohnung in Hörbranz,€ 1.020,3 Zimmer,61 m,Bregenz,Hörbranz," , Staudachweg 21 "
226,"Ab sofort, Sonnige 3 Zimmer Wohnung in zentraler Lage",€ 1.043,3 Zimmer,72 m,Feldkirch,Feldkirch," , Pfarrer-Gunz-Str 5 "
228,Echtes Fabrikloft mit luxuriöser Ausstattung / Grenznähe / 130qm,€ 1.479,N/A,130 m,Dornbirn,Lustenau," , Augartenstraße 27 "
230,Attraktive 2 Zimmer Mietwohnung | beste Infrastruktur in zentraler Lage Am Garnmarkt,€ 915,2 Zimmer,"56,2 m",Feldkirch,Götzis," , Am Garnmarkt 16 Top 2.2 "
232,helle 3 Zimmer Wohnung im Zentrum,"€ 940,28",3 Zimmer,"60,41 m",Bregenz,Bregenz," , Kornmarktstraße "
234,Schöne 2 Zimmer Terrassenwohnung direkt neben dem Reichenfeldpark in Feldkirch,€ 934,2 Zimmer,"53,9 m",Feldkirch,Feldkirch," , Reichenfeldgasse 8a Top 10 "
236,Neubauprojekt Hohenems - Mietwohnungen Erstbezug! (W03),"€ 699,94",2 Zimmer,"49,16 m",Dornbirn,Hohenems,
238,helle 2 Zimmer Wohnung in zentraler Lage,"€ 553,61",2 Zimmer,45 m,Dornbirn,Lustenau," , Kirchstraße "
240,Mietwohnung im Uniqa-Center,"€ 814,23",2 Zimmer,"51,28 m",Bregenz,Bregenz,
242,Erstbezug! 3-Zimmerwohnung in Lustenau zu vermieten! Top 1,"€ 989,68",3 Zimmer,"68,64 m",Dornbirn,Lustenau,
244,,,,,,,
248,Parken im Parkdeck,Preis auf Anfrage,N/A,171646,Bregenz,Bregenz,
252,Sehr schöne 2-Zimmer-Terrassen-Wohnung,€ 914,2 Zimmer,56 m,Dornbirn,Dornbirn," , Sandgasse 13d "
254,"Attraktive, neuwertige 2-Zimmer-Dachgeschoß-Wohnung",€ 930,2 Zimmer,56 m,Dornbirn,Dornbirn," , Sandgasse 13d "
256,Schöne 2-Zimmerwohnung in Lustenau zu vermieten (ab 01.12.2021),€ 821,N/A,42 m,Dornbirn,Lustenau,
258,Parken im Parkdeck - PR09,Preis auf Anfrage,N/A,171647,Bregenz,Bregenz,
260,"Gemütliche, zentrumsnahe 1-Zimmerwohnung mit Balkon in Bregenz (verfügbar ab 09/2021)",€ 610,1 Zimmer,30 m,Bregenz,Bregenz,
262,1-Zimmerwohnung zur Miete im Zentrum von Götzis,€ 686,1 Zimmer,40 m,Feldkirch,Götzis,
264,"Tolle, ruhig gelegene 3-Zimmerwohnung in Feldkirch Gisingen zu vermieten (ab August 2021)",€ 935,3 Zimmer,68 m,Feldkirch,Feldkirch,
266,2-Zimmerwohnung in Toplage am Pfänderhang mit traumhaftem Seeblick (keine Haustiere),€ 950,2 Zimmer,52 m,Bregenz,Lochau,
268,Tolle 3-Zimmerwohnung mit Balkon im schönen Bregenzerwald (Grenznähe Deutschland) Mietbeginn nach Vereinbarung,€ 797,N/A,85 m,Bregenz,Riefensberg,
270,"ruhige, helle 2 Zimmer Wohnung mit Balkon",€ 770,2 Zimmer,50 m,Feldkirch,Altach," , Zunderbergstraße "
272,Ruhig gelegene 2 Zi Gartenwohnung in Koblach,€ 722,N/A,"47,22 m",Feldkirch,Koblach," , Broma 5 "
274,FEUDAL RESIDIEREN,€ 1.705,4 Zimmer,174 m,Bregenz,Lochau," , Hofriedenstraße 24 "
276,"Charmante 2,-Zimmerwohnung in Lauterach zu vermieten!",€ 719,2 Zimmer,"46,53 m",Bregenz,Lauterach," , Weißenbildstraße 11 "
278,"Attraktive 3 Zimmer Terrassenwohnung im Zentrum von Rankweil | ruhige Lage, optimale Infrastruktur",€ 1.151,3 Zimmer,"75,1 m",Feldkirch,Rankweil," , Untere Bahnhofstraße 6 Top 9 "
280,3 Zimmer Terrassenwohnung | perfekte stadtnahe Lage,€ 1.206,3 Zimmer,"75,2 m",Feldkirch,Feldkirch," , Reichenfeldgasse 8a Top 17 "
282,1-Zimmer-Wohnung im 1. Obergeschoss | Zentrumsnah in Dornbirn,€ 728,1 Zimmer,"35,45 m",Dornbirn,Dornbirn," , Schillerstraße 23 "
284,3 Zimmer Wohnung | ruhige Lage in Stadt- und Grenznähe Feldkirch,€ 1.140,3 Zimmer,"67,75 m",Feldkirch,Feldkirch," , Dorfstraße 9a Top B07 "
286,Großzügige 2 Zimmer Mietwohnung in Götzis,€ 1.090,2 Zimmer,66 m,Feldkirch,Götzis," , Am Garnmarkt 8 Top 36 "
288,Helle 4-Zimmer Maisonettewohnung in Egg Großdorf,€ 1.359,4 Zimmer,"105,3 m",Bregenz,Egg," , Dorf 172 "
290,Schöne neue 3 Zimmer Terrassenwohnung in Kleinwohnanlage im Zentrum von Rankweil - Top 3,€ 1.299,3 Zimmer,"76,32 m",Feldkirch,Rankweil," , Alemannenstraße 6a "
292,3 Zimmer Wohnung im Herzen von Götzis mit großzügiger Terrasse | zentrale und ruhige Lage,€ 1.038,3 Zimmer,63 m,Feldkirch,Götzis," , Am Garnmarkt 16 Top 2.3 "
294,Großzügige 3 Zimmer Mietwohnung in Götzis,€ 1.336,3 Zimmer,84 m,Feldkirch,Götzis," , Am Garnmarkt 6 Top 43 "
296,Sanierte Altbauwohnung | 2-Zimmer-Wohnung in zentraler Lage,"€ 851,50",2 Zimmer,63 m,Dornbirn,Dornbirn," , Hatlerstraße 1 "
298,3 Zimmer Terrassenwohnung | zentrale und ruhige Lage in Götzis,€ 1.237,3 Zimmer,"75,3 m",Feldkirch,Götzis," , Pfarrer-Knecht-Straße 3 Top B07 "
302,1-Zimmer-Wohnung in ruhiger Lage in Bregenz,"€ 482,55",1 Zimmer,24 m,Bregenz,Bregenz," , Brandgasse 15 Top 12a "
304,Ruhig gelegene 2-Zimmer Wohnung in Rankweil,"€ 746,76",2 Zimmer,55 m,Feldkirch,Rankweil," , Alemannenstraße 36e Top 02 "
306,Geräumige 3-Zimmer-Wohnung in Altach,"€ 998,95",3 Zimmer,"100,99 m",Feldkirch,Altach," , Bauern 51 Top 01 "
308,Exklusive und ruhig gelegene 2-Zimmer-Wohnung mit großzügigem Balkon in Lochau,"€ 999,66",2 Zimmer,"55,79 m",Bregenz,Lochau," , Bahnhofstraße 21c "
310,Wohlfühlen 3-Zimmer-Wohnung in Lustenau,€ 1.120,3 Zimmer,"80,63 m",Dornbirn,Lustenau," , Steinackerstraße 6 "
312,Großzügige 2-Zimmer-Wohnung in ruhiger Lage in Dornbirn,€ 895,2 Zimmer,60 m,Dornbirn,Dornbirn," , Fliederweg 9a "
314,Charmante Dachgeschosswohnung in Lustenau,€ 999,3 Zimmer,"80,57 m",Dornbirn,Lustenau," , Augartenstrasse 98 "
316,Neubau: Tolle 2-Zimmer-Wohnung,€ 878,2 Zimmer,"56,86 m",Dornbirn,Lustenau," , Reichsstrasse 16a "
318,Mediterranes Flair 3 Zi Wohnung mit himmlischer Dachterrasse,Preis auf Anfrage,3 Zimmer,"76,04 m",Feldkirch,Götzis," , Neuburgstraße 5e "
320,Großzügig aufgeteilte 2 Zimmerwohnung mitten in Bregenz,Preis auf Anfrage,2 Zimmer,"82,19 m",Bregenz,Bregenz," , Herbert-Reyl-Gasse 1 "
322,Schöne 2 Zimmerwohnung in bester Lage von Bregenz zu vermieten!,Preis auf Anfrage,2 Zimmer,"57,11 m",Bregenz,Bregenz,
326,Urlaubsfeeling garantiert - 2-Zimmerwohnung mit Seeblick zu vermieten,Preis auf Anfrage,2 Zimmer,"47,8 m",Bregenz,Lochau," , Seeschanze 2 "
328,Mitten in der City - 2 Zi Wohnung zur Miete,"€ 930,44",2 Zimmer,"72,9 m",Bregenz,Bregenz," , Kaspar-Hagen-Straße 2a "
330,Geräumige Wohnung in Top zentraler Lage,€ 1.108,3 Zimmer,"81,77 m",Bregenz,Bregenz," , Schillerstraße 6 "
332,"Geräumige, familienfreundliche 4 ½ - Zimmer - Wohnung in sonniger und ruhiger Lage von Muntlix!",€ 1.120,"4,5 Zimmer",114 m,Feldkirch,Muntlix," , Kreuzstraße 8 "
334,Attraktive und hervorragend eingeteilte 2-Zi.Whg. in ruhiger Lage und Seenähe,€ 830,2 Zimmer,"56,13 m",Bregenz,Hard,
336,Wohnung mit Flair in der Innenstadt,€ 930,1 Zimmer,53 m,Bludenz,Bludenz," , Rathausgasse 1 "
338,Wolfurt: Einzigartige 3-Zimmerwohnung in generalsaniertem Rheintalhaus,"€ 953,03",3 Zimmer,72 m,Bregenz,Wolfurt,
340,"OHNE PROVISION Moderne neuwertige 2-Zimmerwohnung mit großer Terrasse - Dornbirn Zentrum, Mozartstraße",€ 940,2 Zimmer,47 m,Dornbirn,Dornbirn," , Mozartstraße 13 "
342,Helle 2-Zimmer-Terrassenwohnung in Dornbirn-Haselstauden,€ 895,N/A,"55,67 m",Dornbirn,Dornbirn," , Feldgasse "
344,NEUBAU: 2-Zimmer-Terrassenwohnung in Feldkirch-Grenznähe,€ 915,N/A,"52,4 m",Feldkirch,Feldkirch," , Wolf-Huber-Straße "
346,Moderne 2-Zimmer-Terrassenwohnung in Schwarzach zu vermieten,"€ 899,93",2 Zimmer,58 m,Bregenz,Schwarzach," , Schlattweg "
348,Exklusive 3-Zimmer-Neubauwohnung mit 2 Tiefgaragenplätzen in Lauterach,"€ 1.602,20",3 Zimmer,"78,23 m",Bregenz,Lauterach," , Am Kresserbühel "
350,Gemütliche 2-Zimmer-Wohnung im Zentrum von Wolfurt zu vermieten,€ 790,2 Zimmer,"55,56 m",Bregenz,Wolfurt," , Unterlinden "
352,Gemütliche 2-Zimmer-Gartenwohnung in Dornbirn-Hatlerdorf,€ 895,2 Zimmer,"53,35 m",Dornbirn,Dornbirn," , Niederbahn "
354,Zentrumsnahe doppelstöckige 3-Zimmer-Terrassenwohnung in Dornbirn zu vermieten,€ 1.015,3 Zimmer,65 m,Dornbirn,Dornbirn," , Klostergasse "
356,Erstbezug! 4-Zimmer-Wohnung TOP 18 mit 125 m² großer Dachterrasse im Zentrum von Weiler (Weiler-Dorfmitte),€ 1.579,4 Zimmer,"87,6 m",Feldkirch,Weiler," , Treiet 1 "
358,Erstbezug! 2-Zimmer-Wohnung TOP 17 im Zentrum von Weiler (Weiler-Dorfmitte),€ 742,2 Zimmer,"40,62 m",Feldkirch,Weiler," , Treiet 1 "
360,Erstbezug! 3-Zimmer-Wohnung TOP 15 im Zentrum von Weiler (Weiler-Dorfmitte),€ 1.117,3 Zimmer,"63,02 m",Feldkirch,Weiler," , Treiet 1 "
362,Erstbezug! 2-Zimmer-Wohnung TOP 7 im Zentrum von Weiler (Weiler-Dorfmitte),€ 861,2 Zimmer,"49,34 m",Feldkirch,Weiler," , Treiet 1 "
364,Erstbezug! 3-Zimmer-Wohnung TOP 6 im Zentrum von Weiler (Weiler-Dorfmitte),€ 1.101,3 Zimmer,"64,07 m",Feldkirch,Weiler," , Treiet 1 "
366,Erstbezug! 3-Zimmer-Wohnung TOP 2 im Zentrum von Weiler (Weiler-Dorfmitte),€ 1.113,3 Zimmer,"67,11 m",Feldkirch,Weiler," , Treiet 1 "
368,Erstbezug! 2-Zimmer-Wohnung TOP 1 im Zentrum von Weiler (Weiler-Dorfmitte),€ 773,2 Zimmer,"45,55 m",Feldkirch,Weiler," , Treiet 1 "
370,Äußerst gepflegte 3-Zimmer-Terrassenwohnung in Bregenz-Weidach,"€ 1.030,70",3 Zimmer,"67,5 m",Bregenz,Bregenz," , Weidachstraße "
372,Neu erbaute 3-Zimmer-Terrassenwohnung in Feldkirch zu vermieten,"€ 1.385,48",3 Zimmer,81 m,Feldkirch,Feldkirch," , Mutterstraße "
374,"Einfache, gemütliche 2-Zimmerwohnung in zentraler Lage in Götzis","€ 735,74",2 Zimmer,"55,6 m",Feldkirch,Götzis," , Bahnhofstraße "
376,Göfis: 2-Zimmer-Terrassenwohnung in exklusiver Aussichtslage,"€ 977,15",2 Zimmer,"59,1 m",Feldkirch,Göfis," , Schmittenweg "
378,Helle 2-Zimmerwohnung in Hohenems,"€ 935,30",N/A,"52,8 m",Dornbirn,Hohenems," , Graf-Maximilian-Straße "
380,Exklusive 3-Zimmer-Terrassenwohnung in ruhiger Lage in Hohenems,€ 1.295,3 Zimmer,79 m,Dornbirn,Hohenems," , Mörikestraße "
382,Neuwertige 3 Zimmerwohnung mit großem Garten und ruhiger Lage in Koblach zu vermieten,€ 1.250,3 Zimmer,"81,2 m",Feldkirch,Koblach,
384,Tolle 2 Zimmerwohnung mit Balkon in Hohenems,€ 840,2 Zimmer,57 m,Dornbirn,Hohenems,
386,Neubau: Tolle 2 Zimmerwohnung mit Balkon und ruhiger Lage in Götzis zu vermieten,€ 890,2 Zimmer,"58,03 m",Feldkirch,Götzis,
388,"2,5 Zimmerwohnung mit wundervollem Blick über das Rheintal und die schweizer Berge",€ 890,"2,5 Zimmer",54 m,Feldkirch,Götzis,
390,"Neue 2-Zimmerwohnung mit Garten in Altach zur Miete, Top 4",€ 790,N/A,40 m,Feldkirch,Altach,
392,Schöne 3-Zimmerwohnung mit Balkon in Dornbirn,€ 1.290,3 Zimmer,"82,06 m",Dornbirn,Dornbirn,
394,Tolle 1-Zimmerwohnung mit Balkon in Dornbirn zur Miete,€ 650,1 Zimmer,36 m,Dornbirn,Dornbirn,
396,Schöne 3-Zimmer Dachgeschosswohnung mit Balkon in Schwarzach,€ 950,3 Zimmer,76 m,Bregenz,Schwarzach,
398,Schöne 4-Zimmer Maisonettewohnung in Dornbirn mit schöner Aussicht,€ 1.400,N/A,104 m,Dornbirn,Dornbirn,
400,"Tolle 1,5 Zimmerwohnung mit Balkon in Bludenz zur Miete",€ 565,"1,5 Zimmer",30 m,Bludenz,Bludenz," , Walserweg 7 "
402,"Tolle 3-Zimmerwohnung mit Balkon in Feldkirch zur Miete, Haus 55, Top 5",€ 990,N/A,"72,2 m",Feldkirch,Feldkirch," , Mutterstraße 55 "
404,Tolle 2-Zimmer Terrassenwohnung neben Messepark in Dornbirner Top-Lage,€ 890,2 Zimmer,51 m,Dornbirn,Dornbirn,
406,"NEUBAU: 3 Zimmer Dachgeschosswohnung mit Balkon in Höchst, Top 12",€ 1.150,3 Zimmer,"79,55 m",Bregenz,Höchst,
408,"NEUBAU: 3 Zimmerwohnung mit Balkon in Höchst, Top 8",€ 1.150,3 Zimmer,"79,55 m",Bregenz,Höchst,
410,"NEUBAU: 3 Zimmerwohnung mit Balkon in Höchst, Top 5",€ 1.150,3 Zimmer,"79,55 m",Bregenz,Höchst,
412,Tolle 2 Zimmerwohnung mit Seenähe und Balkon in Bregenz,€ 890,2 Zimmer,59 m,Bregenz,Bregenz,
414,Tolle 3 Zimmerwohnung in Feldkich direkt an der Grenze zu Liechtenstein zu vermieten,"€ 762,31",3 Zimmer,"72,6 m",Feldkirch,Feldkirch,
416,Tolle 2-Zimmerwohnung mit Balkon in Feldkirch,€ 695,N/A,"40,13 m",Feldkirch,Feldkirch,
418,Tolle 3 Zimmerwohnung mit großer Terrasse in zentraler Lage zu vermieten,€ 1.095,2 Zimmer,"67,2 m",Dornbirn,Lustenau,
420,Tolle 3 Zimmerwohnung mit Loggia am Garnmarkt in Götzis zu vermieten,€ 1.090,3 Zimmer,"69,12 m",Feldkirch,Götzis,
422,Ruhig gelegene 4-Zimmerwohnung mit Balkon in Hohenems,€ 1.250,4 Zimmer,"89,14 m",Dornbirn,Hohenems,
426,Schöne 3 Zimmerwohnung mit Balkon und Bahnhofsnähe in Feldkirch zur Miete,€ 990,3 Zimmer,72 m,Feldkirch,Feldkirch,
428,"Neue 2-Zimmerwohnung in Altach zur Miete, Top 17",€ 720,N/A,28 m,Feldkirch,Altach,
432,"EXKLUSIVES LOFT im Dachgeschoss in Altach zur Miete, Top 1",€ 890,N/A,45 m,Feldkirch,Altach,
434,"Super 1-Zimmerwohnung in Lustenauer Toplage, Top 4",€ 660,1 Zimmer,"29,8 m",Dornbirn,Lustenau,
436,Super 2 Zimmerwohnung mit Terrasse in Feldkirch Top 9,€ 795,2 Zimmer,"42,1 m",Feldkirch,Feldkirch,
438,NEU Sanierte 2-Zimmerwohnung mit Balkon in Feldkirch,€ 730,2 Zimmer,42 m,Feldkirch,Feldkirch," , Quellengasse 8 "
440,Großzügige 3-Zimmerwohnung zur Miete in Hard,€ 1.090,3 Zimmer,87 m,Bregenz,Hard,
442,2 Zimmer Dachterrassenwohnung in Hohenems,€ 880,2 Zimmer,40 m,Dornbirn,Hohenems," , Rembrandtweg 1 "
444,Schöne 2-Zimmergartenwohnung (Erstbezug - Top B2) in zentraler Lage in Thüringen,€ 810,2 Zimmer,"44,8 m",Bludenz,Thüringen," , Douglass-Straße 15 "
446,Schöne 3-Zimmerwohnung (Erstbezug - Top B5) in zentraler Lage in Thüringen,€ 950,3 Zimmer,59 m,Bludenz,Thüringen," , Douglass-Straße 15 "
448,"Grenznahe 3-Zimmerwohnung (Erstbezug, Top W7) in Feldkirch-Nofels",€ 1.360,3 Zimmer,"66,1 m",Feldkirch,Feldkirch," , Kronenweg 5 "
450,Moderne 3-Zimmerwohnung (Top B10) im Zentrum von Nofels,€ 1.085,3 Zimmer,"68,2 m",Feldkirch,Feldkirch," , Sebastian-Kneipp-Straße 7a "
452,Schöne 3-Zimmerwohnung (Erstbezug - Top A8) in zentraler Lage in Thüringen,€ 1.030,3 Zimmer,"70,8 m",Bludenz,Thüringen," , Douglass-Straße 15a "
454,Schöne 2-Zimmerwohnung (Erstbezug - Top A5) in zentraler Lage in Thüringen,€ 686,2 Zimmer,"41,7 m",Bludenz,Thüringen," , Douglass-Straße 15a "
456,ruhiges Wohnen im Grünen - beste Lage Wohnanlage Holzgass-Weinberg,€ 1.350,3 Zimmer,"87,47 m",Feldkirch,Rankweil," , Alemannenstraße 40b "
458,Dachgeschosswohnung Top 9,€ 1.350,1 Zimmer,94 m,Bregenz,Bregenz," , Rathausstraße 27 "
460,Wohnung Top 19,€ 1.170,2 Zimmer,91 m,Bregenz,Bregenz," , Brielgasse 27 "
462,"RUHIGE, SONNIGE, ZENTRALE LAGE",€ 1.128,2 Zimmer,53 m,Feldkirch,Frastanz,
464,ERSTBEZUG NACH KERNSANIERUNG - TOLLE AUSSICHT!,€ 1.080,2 Zimmer,68 m,Dornbirn,Dornbirn,
466,ALT TRIFFT AUF NEU,€ 1.980,5 Zimmer,128 m,Innsbruck - Land,Götzens,
468,WUNDERSCHÖNE PANORAMA-LAGE MIT SEEBLICK,€ 850,2 Zimmer,75 m,Kufstein,Walchsee,
470,IN GRENZNAHEM 4-PARTEIEN HAUS MIT GARTEN,€ 800,2 Zimmer,55 m,Dornbirn,Lustenau,
472,STADTNÄHE MIT VIEL FREIFLÄCHE - RIESIGE TERRASSE,€ 1.650,2 Zimmer,80 m,Kitzbühel,Aurach bei Kitzbühel,
474,ERSTBEZUG! HOCHMODERNER NEUBAU MIT GARTEN,€ 1.316,3 Zimmer,78 m,Feldkirch,Mäder,
476,IN SKIPISTENNÄHE MIT GARTENBENUTZUNG,Preis auf Anfrage,2 Zimmer,82 m,Kufstein,Scheffau am Wilden Kaiser,
478,Charmante 2-Zi-Terrassenwohnung,€ 895,2 Zimmer,"58,64 m",Dornbirn,Dornbirn," , Brunnengasse 19a "
480,Ideale 3-Zi-Wohnung,€ 1.175,3 Zimmer,"66,32 m",Bregenz,Höchst," , Kreuzdorfstraße 29 "
482,Attraktive 2-Zi-Wohnung in Ruhelage,"€ 938,36",2 Zimmer,"56,47 m",Dornbirn,Hohenems," , Mühlgasse 3 "
484,4-Zimmer-Dachgeschosswohnung mit Balkon,"€ 1.370,62",4 Zimmer,"89,49 m",Feldkirch,Altach," , Bauern 65f "
486,Moderne 4-Zi-Wohnung mit Terrasse,€ 1.295,4 Zimmer,"83,57 m",Bregenz,Höchst," , Kreuzdorfstraße 29 "
488,Kompakte 3-Zi-Wohnung mit Balkon,€ 1.175,3 Zimmer,"66,21 m",Bregenz,Höchst," , Kreuzdorfstraße 29 "
490,NEUBAU: 4-Zi-Terrassenwohnung,€ 1.295,4 Zimmer,"83,57 m",Bregenz,Höchst," , Kreuzdorfstraße 29 "
492,Großzügige 4-Zi-Wohnung in Bestlage!,"€ 1.566,06",4 Zimmer,"96,71 m",Dornbirn,Dornbirn," , Riedgasse 48 "
494,ERSTBEZUG: Tolle 3-Zi-Wohnung mit Balkon,"€ 1.048,28",3 Zimmer,"75,3 m",Feldkirch,Altach," , Bauern 65f "
496,Starterwohnung in zentrumsnaher Lage,"€ 879,16",2 Zimmer,"59,26 m",Bregenz,Bregenz," , Vorklostergasse 43 "
498,Gemütliche 3-Zi-Gartenwohnung,"€ 1.072,77",3 Zimmer,62 m,Bregenz,Lauterach," , Gerberweg 11 "
500,Großzügige 3-Zi-Wohnung zu vermieten,"€ 924,63",3 Zimmer,"102,43 m",Dornbirn,Lustenau," , Kirchstraße 2 "
502,Helle 3-Zi-Terrassenwohnung,"€ 1.128,31",3 Zimmer,68 m,Bregenz,Lauterach," , Gerberweg 11 "
504,lässige - moderne 3 Zimmer Stadtwohnung im Herzen von Feldkirch,€ 1.077,3 Zimmer,78 m,Feldkirch,Feldkirch," , Mühletorplatz 1a "
506,hochwertige 4 Zimmer Wohnung im Herzen von Feldkirch,€ 1.240,4 Zimmer,93 m,Feldkirch,Feldkirch," , Mühletorplatz 1a "
508,"familienfreundliche 5 Zimmer Etagen Wohnung, Erstbezug",€ 1.686,5 Zimmer,108 m,Feldkirch,Frastanz," , Amerdonastraße 7 "
510,sensationelle 5 Zimmer Etagen Wohnung mit Balkon und Autostellplatz,€ 1.638,5 Zimmer,117 m,Feldkirch,Frastanz," , Amerdonastraße 7 "
512,"einmalige 2 Zimmer Wohnung mit Galerie, Terrasse und Autostellplatz",€ 790,2 Zimmer,48 m,Feldkirch,Frastanz," , Amerdonastraße 7 "
514,charmante große Stadtwohnung mit Home Office & Wirtschaftsraum,€ 1.118,4 Zimmer,106 m,Feldkirch,Feldkirch," , Markplatz 5 "
516,herrliche 2 Zimmer Dachgeschosswohnung,€ 811,2 Zimmer,52 m,Feldkirch,Feldkirch," , Mühletorplatz 1a "
518,Wunderbare Wohnung zu vermieten!,€ 1.130,"3,5 Zimmer",80 m,Feldkirch,Götzis," , Kneippgasse 69 "
520,VERMIETET wird eine große WOHNUNG mit viel FLAIR und HAUSCHARAKTER,Preis auf Anfrage,6 Zimmer,134 m,Dornbirn,Dornbirn," , Mühlegasse 16 "
522,"Neu renovierte 3-Zimmerwohnung in ruhiger, sonniger u. zentraler Lage (plus Garage)",€ 1.090,3 Zimmer,80 m,Bludenz,Bludenz," , Walserweg 18 "
524,"Gepflegte Wohnung (teilmöbliert) an ruhiger, sonniger Lage mit Garten",€ 900,2 Zimmer,"54,44 m",Bludenz,Nüziders," , Im Hag 37 / TOP 7 "
526,"Sehr schöne, gut gelegene Wohnung in Nofels",€ 730,2 Zimmer,40 m,Feldkirch,Feldkirch," , St. Johannesgasse 13 "
528,"Beste Lage am Kaiserstrand, moderne 2 Zi Whg zum 1.10.21",€ 980,N/A,54 m,Bregenz,Lochau,
530,Helle Gartenwohnung in Top-Lage von Gisingen - Provisionsfrei!,€ 1.190,3 Zimmer,"84,88 m",Feldkirch,Feldkirch," , Sägerstraße "
532,Kleinwohnung mit herrlichem Panoramablick in Lustenau,"€ 611,92",N/A,"35,12 m",Dornbirn,Lustenau,"  , Augartenstraße 98 "
534,Schöne neuwertige Wohnung im Zentrum von Dalaas,€ 1.100,N/A,75 m,Bludenz,Dalaas," , Klostertalerstraße, 54/3 "
536,Schöne 3-Zimmerwohnung mit Balkon in Wolfurt **PROVISIONSFREI**,€ 930,3 Zimmer,72 m,Bregenz,Wolfurt," , Achstraße 43 "
538,schöne neuwertige 2 Zimmerwohnung in Feldkirch Altenstadt,€ 918,2 Zimmer,50 m,Feldkirch,Feldkirch," , Bruderhofstraße 20a "
540,Luxus-Penthouse (3-Zi) mit riesiger Terrasse und Panoramablick,€ 1.369,3 Zimmer,"77,68 m",Feldkirch,Götzis," , Ackerweg "
542,"9-Zimmer Altbauwohnung in Dornbirn, Hatlerdorf",€ 2.568,9 Zimmer,247 m,Dornbirn,Dornbirn," , Bäumlegasse 43a "
544,"Helle, zentral gelegene Dachterrassenwohnung",€ 1.300,"4,5 Zimmer",112 m,Bregenz,Lauterach," , Karl-Höll-Straße 8b "
546,Hochwertig ausgestattete 3-Zimmer-Neubauwohnung in Lauterach zu vermieten,"€ 1.589,30",3 Zimmer,"80,3 m",Bregenz,Lauterach," , Am Kresserbühel "
548,Große 1-Zimmer-Gartenwohnung in Feldkirch zu vermieten!,€ 645,1 Zimmer,"45,19 m",Feldkirch,Feldkirch," , St. Johannesgasse 1a "
550,"Neuwertige 3 Zimmer Wohnung in ruhiger, grenznaher Lage!",€ 1.300,3 Zimmer,"87,78 m",Feldkirch,Meiningen,
552,"Helle 3,5-Zimmer-Wohnung mit herrlicher Aussicht in Dornbirn",€ 925,"3,5 Zimmer",77 m,Dornbirn,Dornbirn," , Sandgasse 19 "
554,"""all inclusive"" / Kurzzeitwohnen: modern möblierte, voll ausgestattete Wohnung, Balkon, WLAN, TV, TG-Stellplatz, provisionsfrei",€ 1.100,"2,5 Zimmer",61 m,Dornbirn,Lustenau," , Steinackerstrasse 35 "
556,schöne 3-Zimmerwohnung in der Dornbirner Innenstadt inkl. 3 Parkplätze / TOP7,€ 1.270,3 Zimmer,"76,23 m",Dornbirn,Dornbirn," , Kapuzinergasse 4 "
558,Tolle Wohnung - Innenstadtlage,"€ 930,44",2 Zimmer,"72,9 m",Bregenz,Bregenz,
560,Neuwertige 3-Zimmer-Terrassenwohnung in Altach,€ 1.348,3 Zimmer,"85,5 m",Feldkirch,Altach," , Große Wies 16 "
562,"3,5-Zimmer- Mietwohnung in Kennelbach","€ 873,50","3,5 Zimmer","71,6 m",Bregenz,Kennelbach," , In der Telle 1 "
564,4-Zimmerwohnung in historischem Gebäude in Egg zu vermieten,€ 960,4 Zimmer,116 m,Bregenz,Egg," , Loco 8 "
566,Einzigartige Penthousewohnung in Bregenzer Villenlage,Preis auf Anfrage,"5,5 Zimmer",180 m,Bregenz,Bregenz,
568,"3,5-Zimmer-Altbauwohnung in Bodenseenähe",€ 950,"3,5 Zimmer","78,3 m",Bregenz,Bregenz," , Am Steinenbach "
570,"Zentrale 2,5-Zimmer-Mietwohnung mit Balkon","€ 833,46","2,5 Zimmer","82,19 m",Bregenz,Bregenz,
572,Schöne 4-Zimmer-Terrassenwohnung in Dornbirn,€ 1.455,4 Zimmer,"96,5 m",Dornbirn,Dornbirn," , Wiesenstraße 4 "
574,Große Mietwohnung - Innenstadtlage,"€ 1.306,60",3 Zimmer,"118,81 m",Bregenz,Bregenz,
576,Luxuriös wohnen: 4-Zimmer-Maisonette-Wohnung mit Paketanlage und Services,€ 1.297,4 Zimmer,"103,19 m",Feldkirch,Götzis," , Kalkofenweg "
578,Helle moderne 4-Zi-Wohnung mit zwei Balkons in bester zentraler und ruhiger Lage,€ 1.145,4 Zimmer,"81,49 m",Feldkirch,Götzis," , "
580,Helle Zwei-Zimmer-Wohnung mit Loggia,"€ 719,28",2 Zimmer,"49,62 m",Wien 3. Bezirk Landstrasse,,
582,Leben wie der Kaiser urlaubte (verfügbar ab 01.11.2021),€ 2.497,4 Zimmer,"106,55 m",Bregenz,Lochau,
584,"Sonnige, geräumige und ruhig gelegene 4 Zimmer DG-Wohnung",€ 890,4 Zimmer,93 m,Feldkirch,Feldkirch," , Gemeindegutstraße "
586,"Tolle, neuwertige 3-Zimmer-Loft-Wohnung",€ 1.455,3 Zimmer,79 m,Dornbirn,Dornbirn,
588,2-Zimmer Terrassenwohnung in Höchst ! Top 7,€ 983,2 Zimmer,54 m,Bregenz,Höchst," , Mühleweg 1 "
590,"Wohnung, super Lage mit grossem Garten - ohne Vermittlungsprovision!",€ 1.205,3 Zimmer,78 m,Feldkirch,Rankweil," , Untere Bahnhofstrasse "
592,2-Zimmer Gartenwohnung in Höchst ! Top 1,€ 1.024,2 Zimmer,56 m,Bregenz,Höchst," , Mühleweg 1 "
594,2-Zimmer Gartenwohnung in Dornbirn ! Top B01,€ 981,2 Zimmer,50 m,Dornbirn,Dornbirn," , Schulgasse 58 a "
596,2-Zimmer Terrassenwohnung in Dornbirn ! Top B07,€ 976,2 Zimmer,50 m,Dornbirn,Dornbirn," , Schulgasse 58 a "
598,2-Zimmer Terrassenwohnung in Dornbirn ! Top B13,€ 974,2 Zimmer,50 m,Dornbirn,Dornbirn," , Schulgasse 58 "
600,2-Zimmer Terrassenwohnung in Dornbirn ! Top B10,€ 976,2 Zimmer,50 m,Dornbirn,Dornbirn," , Schulgasse 58 a "
602,2-Zimmer Terrassenwohnung in Dornbirn ! Top B16,€ 997,2 Zimmer,50 m,Dornbirn,Dornbirn," , Schulgasse 58 a "
604,3 Zimmer im Herzen von Bludenz ohne Makler (W8),€ 950,3 Zimmer,"66,47 m",Bludenz,Bludenz," , Rathausgasse 20 "
606,"Wunderschöne, neue 3-Zimmer-Wohnung in Lustenau",€ 1.290,3 Zimmer,"82,5 m",Dornbirn,Lustenau," , Holzstraße 8 "
608,Attraktive 3-Zimmer-Maisonette-Wohnung in Bregenz Zentrum,€ 993,3 Zimmer,71 m,Bregenz,Bregenz," , Kirchstraße 32 "
610,Traumhafte neue 3-Zimmer-Wohnung in Lustenau,€ 1.194,3 Zimmer,74 m,Dornbirn,Lustenau," , Untere Aue 12c "
612,Attraktive 2-Zimmer-Wohnung in hervorragender Lage in Dornbirn,€ 885,2 Zimmer,48 m,Dornbirn,Dornbirn," , Widagasse 2a "
614,"Schöne 4,5-Zimmer-Wohnung im Dornbirner Oberdorf",€ 1.090,4 Zimmer,95 m,Dornbirn,Dornbirn," , Weißachergasse 23 "
616,"Schöne 3,5-Zimmer-Wohnung in naher Zentrumslage",€ 1.023,3 Zimmer,84 m,Dornbirn,Dornbirn," , Marktstraße 65 "
618,"Lichtdurchflutete 3,5-Zimmer-Dachgeschoßwohnung",€ 1.099,3 Zimmer,73 m,Dornbirn,Dornbirn," , Riedgasse 20 "
620,"Attraktive, exklusive 4-Zimmer-Loft-Wohnung",€ 1.712,4 Zimmer,105 m,Dornbirn,Dornbirn," , Sandgasse 13d "
622,Neuwertige 3-Zimmer-Dachgeschoß-Wohnung,€ 1.150,3 Zimmer,74 m,Dornbirn,Dornbirn," , Mähdergasse 2a "
624,Attraktive 3-Zimmer-Penthouse-Wohnung in Feldkirch mit traumhafter Aussicht,€ 1.493,3 Zimmer,84 m,Feldkirch,Feldkirch," , Ardetzenbergstraße 65 "
626,"3,5 Zimmer Wohnung in herrlicher Lage in Höchst",€ 1.130,3 Zimmer,100 m,Bregenz,Höchst," , Fischergasse 14 "
628,Traumhafte 3-Zimmer-Garten-Wohnung in ruhiger Wohnlage,€ 1.270,3 Zimmer,80 m,Dornbirn,Lustenau," , Lehargasse 2 "
630,Neuwertige 2-Zimmer-Garten-Wohnung,€ 800,2 Zimmer,44 m,Dornbirn,Dornbirn," , Mähdergasse 2a "
632,Wohnen am See Gepflegte 2-Zimmer-Wohnung,€ 910,2 Zimmer,56 m,Bregenz,Bregenz," , Reichsstraße 3b "
634,"2,5 Zimmer-Wohnung im Grünen - Hörbranz!",€ 862,2 Zimmer,80 m,Bregenz,Hörbranz,
636,Klein aber fein - möblierte 1 -Zimmer-Wohnung in Lochau!,€ 520,1 Zimmer,45 m,Bregenz,Lochau,
638,Traumhafte 3 Zimmer-Wohnung mitten im Zentrum von Feldkirch!!,€ 1.085,3 Zimmer,"76,8 m",Feldkirch,Feldkirch,
640,Schöne 2 Zimmer-Wohnung in ruhiger Lage von Hörbranz!,€ 760,2 Zimmer,50 m,Bregenz,Hörbranz,
642,Am Fuße des Kummenbergs - 2 Zimmer-Wohnung in Götzis!,€ 960,2 Zimmer,"52,22 m",Feldkirch,Götzis,
644,Exklusives Wohnen in Villengegend von Feldkirch!,€ 1.020,2 Zimmer,"61,8 m",Feldkirch,Feldkirch,
646,Wunderschöne 3 Zimmer Wohnung in Bregenz,€ 985,3 Zimmer,69 m,Bregenz,Bregenz,
648,Altbau-Wohnung im Zentrum von Bregenz!!,€ 950,3 Zimmer,"71,6 m",Bregenz,Bregenz,
650,Exklusive 3 Zimmer-Wohnung in Hard!,€ 1.250,3 Zimmer,96 m,Bregenz,Hard,
652,Neubau in Bregenz - Sensationelle 2 Zimmer-Wohnung nicht weit vom Bodensee entfernt!,€ 855,2 Zimmer,54 m,Bregenz,Bregenz,
654,tolle 2-Zimmerwohnung im 1.OG - Erstbezug - ohne Maklergebühr,€ 1.085,2 Zimmer,"56,59 m",Dornbirn,Hohenems," , Nibelungenstrasse 13 "
656,neue 3-Zimmerwohnung im 2. OG im Herrenried - ohne Maklergebühr,€ 1.220,3 Zimmer,"67,27 m",Dornbirn,Hohenems," , Nibelungenstrasse 15 "
658,3-Zimmerwohnung - mit herrlichem Ausblick - ohne Maklergebühr,€ 1.255,3 Zimmer,"67,8 m",Dornbirn,Hohenems," , Nibelungenstrasse 15 "
660,große 2-Zimmerwohnung - Herrenried - Neubau ohne Maklergebühr,€ 1.089,2 Zimmer,"61,49 m",Dornbirn,Hohenems," , Nibelungenstrasse 13 "
662,Exklusive familienfreundliche Penthouse Wohnung im Villenviertel in Dornbirn- Oberdorf.,"€ 1.737,80",3 Zimmer,100 m,Dornbirn,Dornbirn,
664,Attraktive 2 Zimmerwohnung in ruhiger Lage in Hard!,€ 895,2 Zimmer,"53,35 m",Bregenz,Hard,
666,gemütliche 2-Zimmer-Wohnung in Lustenau,€ 768,2 Zimmer,42 m,Dornbirn,Lustenau," , Steinackerstrasse 25 "
668,Neubau / Erstbezug Schöne 3 Zimmer Wohnung mit Balkon zu vermieten.,"€ 1.054,40",3 Zimmer,"75,2 m",Dornbirn,Hohenems," , Im Brühl 8, Top 9 "
672,2-Zimmerwohnung in Dornbirn zu vermieten!,€ 660,2 Zimmer,50 m,Dornbirn,Dornbirn," , Bongat 3 "
674,2-stöckige Dachgeschoss Maisonette Wohnung im Zentrum von Dornbirn mit Garten und Garagenplatz,€ 2.000,N/A,120 m,Dornbirn,Dornbirn," , Riedgasse 54 "
676,Nette 2-Zimmerwohnung in Dornbirn zu vermieten!,€ 715,2 Zimmer,"49,11 m",Dornbirn,Dornbirn," , Mozartstraße 11 "
678,Ideal auch für eine Wohngemeinschaft!,€ 1.273,4 Zimmer,95 m,Feldkirch,Feldkirch," , Schlossergasse 2 "
680,Teilmöblierte 1-Zimmerapartment in Fußgängerzone,€ 550,N/A,31 m,Bludenz,Bludenz,
682,Helle 2-Zimmerwohnung in ruhiger Lage von Gisingen zu vermieten,€ 830,2 Zimmer,58 m,Feldkirch,Feldkirch," , Flurgasse 55 "
684,Miniloft unter historischem Dach,€ 796,1 Zimmer,"52,05 m",Dornbirn,Dornbirn,
686,Zentrumsnahe sonnige 3-Zimmer Wohnung,€ 700,N/A,55 m,Bludenz,Bludenz," , Bahnhofstrasse "
688,"2-Zimmerwohnung mit Kaufoption der Alpenländischen in Götzis, Top 29",€ 570,2 Zimmer,"54,8 m",Feldkirch,Götzis," , Sonderberg 63 "
690,Moderne und helle 3 Zimmer-Wohnung mit Loggia - Top 9,"€ 981,90",N/A,"77,87 m",Bregenz,Höchst," , Sonnengarten 13a "
692,"3-Zimmerwohnung der Alpenländischen mit Kaufoption in Götzis, Top 30",Preis auf Anfrage,3 Zimmer,"76,55 m",Feldkirch,Götzis," , Sonderberg 63 "
694,Außerordentlich schöne 3 Zimmer-Wohnung im Zentrum von Höchst - Top 7,"€ 981,90",N/A,"77,62 m",Bregenz,Höchst," , Sonnengarten 13a "
696,"Provisionsfreie, schöne 3-Zimmer Wohnung in Feldkirch - Tosters",€ 1.250,3 Zimmer,75 m,Feldkirch,Feldkirch,
698,Wohnen im Grünen: Gartenwohnung auf dem Bauernhof,€ 740,"3,5 Zimmer",85 m,Dornbirn,Dornbirn," , Höchsterstrasse 121 "
700,Sehr sonnige 4-Zimmer-Luxuswohnung in Göfis,€ 1.590,4 Zimmer,95 m,Feldkirch,Göfis," , Hofnerstraße "
702,Gut gepflegte Wohnung in zentraler Lage,€ 715,2 Zimmer,67 m,Bregenz,Schwarzach," , Hofsteigstrasse 2a "
704,"Großzügige 2,5-Zimmer Wohnung",€ 900,N/A,80 m,Bregenz,Bregenz," , Brandgasse 3 "
706,Frisch sanierte 3 Zimmerwohnung in Bregenz - Erstbezug!,"€ 1.189,21",N/A,"77,49 m",Bregenz,Bregenz,
708,Traumhaftes 2 stöckiges Penthouse in Lustenau,€ 1.750,3 Zimmer,"114,75 m",Dornbirn,Lustenau,
710,"Schöne 4,5- Zimmerwohnung mit Seeblick",€ 1.185,"4,5 Zimmer",125 m,Bregenz,Hörbranz,
712,"Idyllische 2,5 Zimmerwohnung in Hohenweiler zu vermieten (saniert!)","€ 887,31","2,5 Zimmer","53,36 m",Bregenz,Hohenweiler,
714,Provisionsfrei: Neuwertige 2 Zimmer Wohnung mit großem Balkon Götzis inkl. Tiefgaragenplatz,€ 899,2 Zimmer,57 m,Feldkirch,Götzis," , Mösleweg 14 "
716,schöne und ruhige 3-Zimmerwohnung,€ 840,3 Zimmer,69 m,Feldkirch,Götzis,
718,"Schöne, zweistöckige 2-Zimmerwohnug",Preis auf Anfrage,N/A,61 m,Bludenz,Bludenz," , Bahnhofplatzt "
720,Renovierte 3-Zimmerwohnung mit neuer Küche in Altach zu vermieten!,€ 1.075,3 Zimmer,"73,41 m",Feldkirch,Altach," , Emme 5 "
722,Bregenz: DIREKT am SEE - Exclusive 3-Zi-Wohnung mit TerrassenLoggia - SEEBLICK,€ 1.585,N/A,80 m,Bregenz,Bregenz," , Reichsstraße 9 "
724,2-Zimmerwohnung in Dornbirn,€ 950,2 Zimmer,"67,35 m",Dornbirn,Dornbirn," , Gabelsbergerstraße 1 "
726,2 Zimmer Gartenwohnung,€ 670,N/A,56 m,Bludenz,Schruns,
728,Helle 2-Zimmerwohnung in schöner Hanglage,€ 680,N/A,55 m,Bludenz,Nüziders," , Dr.Vonbun.Str. "
730,Wien | 2-Zimmer-Wohnung (provisionsfrei),€ 945,N/A,68 m,Wien 17. Bezirk Hernals,,
732,"NEUE Traumhafte Gartenwohnung 78m² in Mäder, Erstbezug, per sofort, inkl. Küche, privat ohne Makler",€ 1.316,3 Zimmer,78 m,Feldkirch,Mäder," , Roggenplatz 31 "
734,Zentrale und helle Garconniere in Feldkirch/Tisis,€ 450,N/A,"26,24 m",Feldkirch,Feldkirch," , Carinagasse "
736,Tolle 2-Zimmerwohnung mit Terrasse in Dornbirn,€ 820,2 Zimmer,"45,3 m",Dornbirn,Dornbirn,
738,Gemütliche 3-Zimmerwohnung mit 2x Balkon in Dornbirn,€ 1.100,3 Zimmer,"79,65 m",Dornbirn,Dornbirn,
740,Schöne 4-Zimmer Stadtwohnung in Bregenz,€ 1.825,4 Zimmer,"103,45 m",Bregenz,Bregenz,
742,"Zentrale 2,5-Zimmerwohnung mit Loggia","€ 992,18","2,5 Zimmer","62,62 m",Bregenz,Bregenz,
744,geräumige Terrassen Wohnung,€ 888,3 Zimmer,98 m,Bregenz,Höchst," , Im Schlatt 24 "
746,"Feldkrich-Ardetzenberg, 3 ½ – Zimmer Maisonettewohnung mit TG-Platz",€ 1.200,3 Zimmer,"83,79 m",Feldkirch,Feldkirch," , Weinberggasse 31 "
748,Fantastische Gartenwohnung am Kaiserstrand zur Miete,"€ 2.592,40",3 Zimmer,88 m,Bregenz,Lochau,
750,3-Zimmer Wohnung mit Terrasse zur Miete,€ 1.298,3 Zimmer,70 m,Bregenz,Hörbranz,
752,Gemütliche 3-Zimmerwohnung in Nenzing,€ 975,3 Zimmer,"74,06 m",Bludenz,Nenzing," , Inatschina 4 "
754,Schöne 3-Zimmer-Wohnung in Wolfurt in ruhiger aber doch zentraler Hanglage,€ 1.290,3 Zimmer,79 m,Bregenz,Wolfurt," , Eulentobel 8 "
756,Penthousewohnung mit Balkon und Garten,€ 1.420,4 Zimmer,125 m,Dornbirn,Lustenau," , Büngenstraße "
758,"Neuwertige, moderne 2-Zimmerwohnung in Röthis",€ 880,2 Zimmer,"51,33 m",Feldkirch,Röthis," , Alte Landstraße 10 "
760,"Moderne, stilvolle 3-Zimmerwohnung in der Feldkircher Stadt zu vermieten!",€ 1.166,3 Zimmer,"82,15 m",Feldkirch,Feldkirch," , Schlossgraben 8 "
762,Attraktive 2-Zimmerwohnung in Lustenau zu vermieten!,€ 798,2 Zimmer,"56,1 m",Dornbirn,Lustenau," , Pontenstraße 28a "
764,Schöne 2 Zimmer Wohnung von Privat zu mieten,€ 965,2 Zimmer,"57,89 m",Bregenz,Bregenz," , Holzackergasse "
766,Wunderbare 3-Zimmerwohnung mit Balkon in Feldkirch-Gisingen zu vermieten!,€ 1.025,3 Zimmer,"68,45 m",Feldkirch,Feldkirch," , Ketschelenstraße 5 "
768,große 3-Zimmerwohnung in Bezau ab 01.10.2021 zu vermieten,€ 1.026,3 Zimmer,101 m,Bregenz,Bezau," , Bahnhof 31 "
770,Wohnung mit Kaufoption der Alpenländischen,€ 923,N/A,"88,95 m",Feldkirch,Feldkirch," , Breiterweg 4k "
772,"Tolle, geräumige 3-Zimmerwohnung mit Balkon in Feldkirch-Tosters!",€ 995,3 Zimmer,"98,51 m",Feldkirch,Feldkirch," , Alberweg 2b "
774,"Wunderbare 2,5-Zimmerwohnung in der Feldkircher Stadt zu vermieten!",€ 870,"2,5 Zimmer","79,79 m",Feldkirch,Feldkirch," , Hirschgraben 37 "
776,"Außergewöhnliche, grenznahe 2-Zimmerwohnung in Feldkirch-Tisis",€ 950,2 Zimmer,"61,23 m",Feldkirch,Feldkirch," , Töbeleweg 9b "
778,"Gemütliche 4,5 Zimmer Gartenwohnung",€ 1.300,N/A,86 m,Bludenz,Bludesch," , Thomasweg 7b "
780,Die ideale Startwohnung mit Garten!,€ 640,1 Zimmer,"33,62 m",Bregenz,Lauterach," , Schulstraße 14c "
782,2-Zimmer-Terrassenwohnung in ruhiger und zentraler Lage,"€ 858,17",2 Zimmer,"50,7 m",Bregenz,Wolfurt," , Nelkenweg 6 "
784,Schöne 3-Zimmer- Gartenwohnung mit großer Terrasse,€ 1.162,3 Zimmer,79 m,Bludenz,Schruns," , Feldweg 26 "
786,Schöne 2 Zimmerwohnung im Zentrum von Schwarzach,€ 900,2 Zimmer,52 m,Bregenz,Schwarzach," , Dorfplatz 1 "
788,Charmanter Wohnraum in Röthis,€ 1.050,3 Zimmer,82 m,Feldkirch,Röthis," , Schlößlestrasse 19 "
790,Helle 2-Zimmerwohnung mit Garten,€ 920,N/A,50 m,Feldkirch,Feldkirch," , Küchlerstraße "
792,Altbau 3-Zimmerwohnung im 1. OG in Röthis,€ 910,3 Zimmer,69 m,Feldkirch,Röthis," , Schlößlestrasse 19 "
794,gut aufgeteilte 3-Zimmerwohnung in Dornbirn-Hatlerdorf,€ 925,3 Zimmer,"75,96 m",Dornbirn,Dornbirn,
796,schöne 3-Zimmerwohnung in Satteins zu vermieten,€ 980,3 Zimmer,80 m,Feldkirch,Satteins," , Walgaustraße 18 "
798,top sanierte 3- Zimmer Wohnung in Gisingen zu vermieten!,€ 1.250,3 Zimmer,80 m,Feldkirch,Feldkirch," , Grabenweg 3 "
800,Neubau Dachgeschosswohnung in Dornbirn Hatlerdorf,€ 1.360,3 Zimmer,"74,84 m",Dornbirn,Dornbirn," , Raiffeisenstrasse 9b "
802,kleine aber feine 1-Zimmer Wohnung in ruhiger Lage von Altach zu vermieten,€ 365,1 Zimmer,16 m,Feldkirch,Altach," , Emme 14 "
804,Gepflegte 2-Zimmer-Gartenwohnung in Dornbirn zu vermieten!,€ 845,2 Zimmer,"48,16 m",Dornbirn,Dornbirn," , Torfweg 24b "
806,"SEEDOMIZIL, 2-Zimmerwohnung mit Seeblick zu vermieten!",€ 1.020,2 Zimmer,"56,47 m",Bregenz,Lochau," , Lindauer Straße 16a "
808,Ruhige 3-Zimmerwohnung in Götzis zu vermieten!,€ 985,3 Zimmer,"66,9 m",Feldkirch,Götzis," , Hans-Berchtold-Straße 51 "
810,"Große, sehr schöne 3-Zimmer-Wohnung mit Terrasse und Aussicht ins Klostertal",€ 900,3 Zimmer,75 m,Bludenz,Braz,
812,4-Zimmer Garten-Wohnung in ruhiger Lage!,€ 1.540,4 Zimmer,"103,6 m",Dornbirn,Dornbirn," , Montfortstraße 13 "
814,3-Zimmer Wohnung mit Blick ins Reichenfeld - Feldkirch Stadt - Provisionsfrei,€ 1.110,3 Zimmer,82 m,Feldkirch,Feldkirch," , Mühletorplatz 4-6 "
816,2-Zimmer Wohnung im Zentrum von Dornbirn,€ 890,2 Zimmer,"51,32 m",Dornbirn,Dornbirn," , Poststraße 1 "
818,Mietobjekt - Sonnige 3-Zimmerwohnung mit Terrasse in Hanglage,Preis auf Anfrage,N/A,92 m,Bludenz,Bludenz," , Haldenweg 2 "
820,"Sonnige, exklusive, ruhige Dachgeschosswohnung",€ 1.060,N/A,73 m,Dornbirn,Lustenau,
822,3 Zimmer Wohnung mit Seeblick,€ 1.200,3 Zimmer,90 m,Bregenz,Lochau," , Wellenau 1 "
824,"provisionsfreie, grenznahe 3-ZI-Whg. FK inkl. 2 Balkone + TG generalsaniert",€ 1.100,3 Zimmer,82 m,Feldkirch,Feldkirch," , Kapellenweg "
826,Hochwertige 3-Zimmer-Wohnung mit Loggia in Lustenau,€ 980,3 Zimmer,90 m,Dornbirn,Lustenau," , Gutenbergstraße 15 c "
828,"Ruhige, Charmante Gartenwohnung in zentraler Lage Dornbirn Hatlerdorf",€ 1.250,3 Zimmer,70 m,Dornbirn,Dornbirn," , Baumgarten 8 "
830,großzügige Wohnung im 2.OG in Feldkirch,"€ 1.228,10",4 Zimmer,124 m,Feldkirch,Feldkirch," , Gilmstraße 5 "
832,Schöne 2 Zimmerwohnung mit Balkon in Höchst zu vermieten,€ 900,N/A,172866,Bregenz,Höchst,
834,"Helle, ruhige 2 Zimmer Wohnung, Dornbirn, Haselstauden",€ 940,N/A,53 m,Dornbirn,Dornbirn," , Pfeller 5b "
836,Helle 2-Zimmer-Gartenwohnung in Feldkirch-Gisingen,€ 850,2 Zimmer,"51,69 m",Feldkirch,Feldkirch," , Rüttenenstraße 28 "
838,"Attraktive 2,5-Zimmerwohnung in Lustenau",€ 758,"2,5 Zimmer",64 m,Dornbirn,Lustenau," , Maria-Theresienstraße 91 "
840,Gemütliche 2-Zimmer-Terrassenwohnung in Röthis zu vermieten!,€ 770,2 Zimmer,"53,58 m",Feldkirch,Röthis," , Pfründeweg 7 "
842,2 Zimmerwohnung ohne Marklergebühr,€ 680,2 Zimmer,44 m,Bregenz,Lochau," , Hoferfeld "
844,Dornbirn Hatlerdorf 2-Zimmer-Wohnung,€ 799,2 Zimmer,44 m,Dornbirn,Dornbirn," , Katharine-Drexel-Straße 2 "
846,Garten-Loft im Naherholungsgebiet,€ 1.430,N/A,92 m,Dornbirn,Dornbirn," , Gütlestraße "
848,Gartenwohnung mit herrlicher Aussicht,"€ 1.209,49",N/A,"90,8 m",Dornbirn,Dornbirn," , Tobelgasse "
850,"Schöne 3,5 Zimmer Dachgeschosswohnung in Götzis",€ 850,N/A,70 m,Feldkirch,Götzis," , Hans-Berchtold-Straße "
852,Schöne Drei-Zimmer-Wohnung - Erstbezug,"€ 1.321,60",3 Zimmer,"78,29 m",Feldkirch,Feldkirch,
854,Schöne Zwei-Zimmer-Wohnung - Erstbezug,"€ 1.023,90",2 Zimmer,"54,05 m",Feldkirch,Feldkirch,
856,Schöne 3 Zimmer Terrassenwohnung,€ 998,3 Zimmer,"57,59 m",Bregenz,Hard," , Bommenweg 24 "
858,"2,5-ZIMMERWOHNUNG IN RUHIGER LAGE","€ 930,74","2,5 Zimmer","58,6 m",Bregenz,Hard,
860,Leben in der Stadt - 3-Zimmer-Wohnung in Dornbirn,€ 1.300,3 Zimmer,"78,39 m",Dornbirn,Dornbirn,
862,Schöne 3 1/2 Zimmerwohnung nahe Zentrum in Bregenz,€ 1.072,N/A,76 m,Bregenz,Bregenz," , Belruptstrasse 32 "
864,"Ruhige, stadtnahe 3-Zimmerwohnung, Parkett, Balkon, 2 Parkplätze",€ 879,3 Zimmer,69 m,Bludenz,Bludenz," , Walserweg 15 "
866,Schöne und helle Wohnung mitten in der Natur,€ 980,N/A,"59,36 m",Dornbirn,Lustenau,"  , Bahngasse "
868,Attraktive 3-Zimmerwohnung in Lustenau zu vermieten!,€ 990,3 Zimmer,"75,7 m",Dornbirn,Lustenau," , Frühlingsstraße 13 "
870,KOBLACH - Gemütliche 3-Zimmer-Wohnung zu vermieten!,€ 870,3 Zimmer,62 m,Feldkirch,Koblach," , Disenäuele 37a "
872,"Neu sanierte, helle 3Zimmerwohnung mit Balkon in Feldkirch-Gisingen",€ 950,3 Zimmer,"68,09 m",Feldkirch,Feldkirch," , Runastraße 23 "
874,NAHE DEN WOLKEN,€ 1.150,4 Zimmer,88 m,Bregenz,Bregenz," , Arlbergstraße 65 "
876,PRIVAT: Absolute Ruhelage,€ 1.450,4 Zimmer,84 m,Feldkirch,Götzis," , Rütte 47 "
878,"Erstbezug: Großzügige 3,5-Zimmerwohnung",€ 1.168,"3,5 Zimmer",88 m,Bregenz,Lingenau,
880,Provisionsfreie DG Wohnung in der Bregenzer Fußgängerzone,€ 1.005,3 Zimmer,75 m,Bregenz,Bregenz," , Deuringstrasse 5 "
882,Möblierte 2-Zimmer-Neubau Wohnung in ruhiger Lage!,€ 926,2 Zimmer,55 m,Dornbirn,Lustenau," , Sandstraße 16 "
884,Stadtwohnung zum Verlieben!,€ 1.065,2 Zimmer,66 m,Bregenz,Bregenz," , Bergstraße "
886,"Pfänderhang: Angenehmes DG-Single-Apartment mit ""Fenster zum See"" ....",€ 792,N/A,45 m,Bregenz,Bregenz," , Gehren "
888,Lässige 3-Zimmer Gartenwohnung im Zentrum von Dornbirn,€ 1.350,3 Zimmer,"66,19 m",Dornbirn,Dornbirn,
890,Elegante 2-Zimmer-Wohnung im Herzen von Bludenz (2.Bezug),€ 750,2 Zimmer,"48,09 m",Bludenz,Bludenz," , Werdenbergstraße 43c "
892,Single-Appartement in Dornbirn-Hatlerdorf!,€ 475,1 Zimmer,"22,5 m",Dornbirn,Dornbirn,
894,"Sonnige 2-Zimmer Wohnung mit großem, verglasten Balkon",€ 810,2 Zimmer,45 m,Dornbirn,Dornbirn," , Weizeneggerstraße 5 "
896,nette kleine 2 Zi.Wohnung mit Terrasse,"€ 702,50",2 Zimmer,53 m,Feldkirch,Feldkirch," , Neustadt "
898,QULUMBUS - 2-Zimmer-Neubauwohnung - Top 5,"€ 1.011,17",2 Zimmer,"56,38 m",Feldkirch,Klaus," , Walgaustraße 21 "
900,"3-Zimmerwohnung mit Balkon, im Zentrum von Feldkirch mit Tiefgaragenplatz",€ 1.199,3 Zimmer,"76,68 m",Feldkirch,Feldkirch," , Marktplatz 11 "
902,QULUMBUS - 2-Zimmer-Neubauwohnung - Top 3,"€ 895,07",2 Zimmer,"50,38 m",Feldkirch,Klaus," , Walgaustraße 21 "
904,1-Zi. Mietwohnung Dornbirn,Preis auf Anfrage,N/A,36 m,Dornbirn,Dornbirn," , Bergstraße "
906,Hochwertige 4-Zi-Wohnung Feldkirch-Gisingen,€ 1.330,N/A,105 m,Feldkirch,Feldkirch," , Kapfstraße 8a "
908,"Rankweil: Wundervolle 3,5-Zimmerwohnung (ca. 110m²) in Ruhelage zu vermieten!",€ 1.100,"3,5 Zimmer",110 m,Feldkirch,Rankweil,
910,LEBEN IN SEENÄHE _ zwei zimmer wohnung,€ 1.070,2 Zimmer,61 m,Bregenz,Hard," , Seestrasse "
914,Schön sanierte 5-Zi.Wohnung in Lustenau,€ 1.030,N/A,90 m,Dornbirn,Lustenau," , Reichsstraße 58 "
916,"Großzügige, schön sanierte 5-Zi.Wohnung in Lustenau",€ 1.240,N/A,120 m,Dornbirn,Lustenau," , Reichsstraße 58 "
918,Lochau - Seenähe: Geräumige 2-Zi-Wohnung mit Sonnenbalkon ... ideal für Senioren!!!,€ 875,"2,5 Zimmer",67 m,Bregenz,Lochau," , Hörbranzerstraße 10 "
920,"Wunderbare 1,5-Zimmerwohnung in Feldkirch-Tosters zu vermieten!",€ 580,"1,5 Zimmer","37,55 m",Feldkirch,Feldkirch," , Egelseestraße 11 "
922,Nette 1-Zimmerwohnung in der Feldkircher Stadt,€ 425,1 Zimmer,"28,15 m",Feldkirch,Feldkirch," , Ardetzenbergstraße 6a "
924,"*Grenznah* Schöne, helle 3-Zimmerwohnung mit geräumigem Balkon in Feldkirch wartet auf Sie!",€ 1.175,3 Zimmer,"73,58 m",Feldkirch,Feldkirch," , Grißstraße 52 "
926,"3-Zi.Wohnung, zweigeschossig mit großer Terrasse in Götzis",€ 965,N/A,70 m,Feldkirch,Götzis," , Dr.-Alfons-Heinzle-Str. 57 "
928,schöne 3-Zimmerwohnung in Mellau ab sofort zu vermieten,€ 1.060,3 Zimmer,80 m,Bregenz,Mellau," , Eggbühel 535 "
930,kernsanierte 5 Zimmerwohnung,€ 1.570,5 Zimmer,160 m,Bludenz,Tschagguns," , Sandstrasse 14c "
932,Großzügige Dachwohnung ab sofort zu MIETEN!,€ 1.167,3 Zimmer,"95,81 m",Dornbirn,Lustenau,
934,QULUMBUS - 2-Zimmer-Neubauwohnung - Top 10,"€ 938,49",2 Zimmer,"49,17 m",Feldkirch,Klaus," , Walgaustraße 21 "
936,Wir haben Ihre Zukünftige 3-Zimmerwohnung in Feldkirch,€ 985,3 Zimmer,"74,95 m",Feldkirch,Feldkirch," , Riedteilweg 3b "
938,Dachgeschoss-Wohnung in schöner Lage,€ 912,2 Zimmer,53 m,Bregenz,Bregenz," , Mehrerauerstraße 7 und 7a "
940,2-ZI. Terrassen-Wohnung Wien,€ 1.102,N/A,58 m,Wien 21. Bezirk Floridsdorf,,
942,LIVINGHOOD - 2-Zimmer-Neubauwohnung - Top 10,"€ 899,60",2 Zimmer,"49,02 m",Feldkirch,Feldkirch," , Siedlerweg 1 "
944,LIVINGHOOD - 2-Zimmer-Neubauwohnung - Top 5,"€ 894,10",2 Zimmer,"49,02 m",Feldkirch,Feldkirch," , Siedlerweg 1 "
946,LIVINGHOOD - 3-Zimmer-Neubauwohnung - Top 7,"€ 1.268,51",3 Zimmer,"72,7 m",Feldkirch,Feldkirch," , Siedlerweg 1 "
948,Dachterrassen-Wohnung Wien,€ 1.492,N/A,77 m,Wien 21. Bezirk Floridsdorf,,
952,2-Zi Mietwohnung Wien,€ 897,N/A,55 m,Wien 21. Bezirk Floridsdorf,,
954,Traumwohnung in Traumlage,"€ 3.084,50",5 Zimmer,151 m,Bregenz,Lochau," , Am Kaiserstrand 2 "
956,Tolle Dachgeschosswohnung in Dornbirn-Hatlerdorf zu vermieten,€ 958,"3,5 Zimmer","70,25 m",Dornbirn,Dornbirn," , "
958,Lichtdurchflutete 2-Zimmerwohnung im Herzen von Bludenz zu vermieten!,€ 825,2 Zimmer,"78,45 m",Bludenz,Bludenz," , Untersteinstraße 8 "
960,2-Zi Mietwohnung Wien 1210,€ 818,N/A,45 m,Wien 21. Bezirk Floridsdorf,,
962,neuwertige und großzügige Wohnung in ruhiger und sonniger Lage,"€ 1.130,86",2 Zimmer,"59,2 m",Feldkirch,Röthis," , Torkelweg 7a "
964,großzügige und neuwertige Wohnung in ruhiger und sonniger Lage,"€ 1.664,36",3 Zimmer,97 m,Feldkirch,Röthis," , Torkelweg 7a "
966,Gepflegte 3-Zimmerwohnung in Götzis zu vermieten!,€ 990,3 Zimmer,"69,23 m",Feldkirch,Götzis," , Ebenhochgasse 8 "
968,2 Zi. Wohnung - gemütlich wohnen im Zentrum,"€ 732,15",2 Zimmer,"52,5 m",Bregenz,Andelsbuch,
970,Gemütliche 2-Zimmerwohnung in der Feldkircher Stadt zu vermieten!,€ 739,2 Zimmer,"43,61 m",Feldkirch,Feldkirch," , Montfortgasse 13 "
972,Moderne 3 Zimmer-Wohnung mit Balkon,€ 940,N/A,"57,5 m",Dornbirn,Lustenau," , Holzmühlestraße 16a "
974,"Schöne 1,5-Zimmerwohnung in Feldkirch-Tosters zu vermieten!",€ 615,"1,5 Zimmer","40,13 m",Feldkirch,Feldkirch," , Riedteilweg 3b "
976,Günstige 2-Zimmer-Wohnung in Frastanz,"€ 731,50",2 Zimmer,"49,4 m",Feldkirch,Frastanz," , Fellengattnerstraße "
978,"""Living in the South"" 3-Zimmerwohnung in Partenen zu vermieten","€ 708,43",3 Zimmer,"68,94 m",Bludenz,Partenen," , Feuerwehrstraße 76 a "
980,Leben im Loft - Lustenau,€ 1.300,1 Zimmer,117 m,Dornbirn,Lustenau,
982,"""Living in the South"" großzügige 3-Zimmerwohnun in Partenen zu vermieten","€ 825,78",3 Zimmer,"75,72 m",Bludenz,Partenen," , Feuerwehrstraße 76 "
984,Diese 2-Zimmer-Dachgeschoss-Wohnung in Feldkirch-Nofels sucht einen Nachmieter!,€ 648,2 Zimmer,"47,72 m",Feldkirch,Feldkirch," , Schmittengässele 2 "
986,Helle 2-Zimmer-Gartenwohnung in Lauterach,€ 950,2 Zimmer,59 m,Bregenz,Lauterach," , Herrengutgasse "
988,Schöne 3 Zimmerwohnung in Dornbirn zu vermieten,€ 980,3 Zimmer,74 m,Dornbirn,Dornbirn,
990,Traumhafte 3-Zimmerwohnung in Göfis zu vermieten!,€ 1.050,3 Zimmer,"76,64 m",Feldkirch,Göfis," , Struba 2a "
992,Apartment Rheintalblick,"€ 1.202,56",4 Zimmer,82 m,Bludenz,Gurtis," , Bazora 1 "
994,"Tolle 2,5 Zimmeraltbauwohnung in der Feldkircher Innenstadt",€ 670,N/A,"54,3 m",Feldkirch,Feldkirch," , Zeughausgasse 6 "
996,2-Zimmerwohnung in Langenegg,€ 500,2 Zimmer,45 m,Bludenz,Langenegg,
998,Attraktive 3 Zimmerwohnung!,€ 1.215,3 Zimmer,"91,46 m",Dornbirn,Hohenems,
1000,Exklusive Loftwohnung im Zentrum von Hohenems zu vermieten,Preis auf Anfrage,N/A,167019,Dornbirn,Hohenems,
1002,Dornbirn: PÄÄRLE-HIT - Hübsche 2-Zi-Wohnung mit überdachter Terrasse - angenehm & ruhig ...,€ 885,N/A,58 m,Dornbirn,Dornbirn," , Lachenmahd "
1004,Generalsanierte 3 Zimmer-Wohnung Grenznähe FL,€ 1.090,3 Zimmer,70 m,Feldkirch,Feldkirch," , Franz-Unterberger-Strasse 1 "
1006,lebensHaus Röthis - sonnige und ruhige Lage in guter Nachbarschaft,"€ 1.154,10",2 Zimmer,59 m,Feldkirch,Röthis," , Torkelweg 7a "
1008,Große 3-Zimmer-Wohnung mit 2 Balkonen in Hohenems,€ 1.090,3 Zimmer,"91,4 m",Dornbirn,Hohenems,
1010,Penthouse in Hohenems mit großer Dachterrasse!,€ 1.590,3 Zimmer,104 m,Dornbirn,Hohenems," , Andreas-Hofer-Strasse 7 "
1012,KOMOD - Cohousing,€ 380,1 Zimmer,"11,7 m",Dornbirn,Dornbirn,
1016,3-Zimmer-Wohnung - Ideal als WG,€ 1.080,3 Zimmer,"51,7 m",Dornbirn,Dornbirn,
1018,Charmante 3-Zimmerwohnung in Klaus zu vermieten!,€ 883,3 Zimmer,"56,71 m",Feldkirch,Klaus," , Walgaustraße 7a "
1020,Kleine 3-Zimmer-Wohnung in Lustenau!,"€ 673,97",3 Zimmer,49 m,Dornbirn,Lustenau," , Schillerstraße "
1022,Schöne 4-Zimmer-Wohnung mit Balkon und Autoabstellplatz!,€ 1.290,N/A,"99,6 m",Bregenz,Hörbranz," , Richard-Sannwald-Platz 6 "
1024,3 1/2 -Zi-Panoramawohnung mit 2 Terrassen,€ 1.030,N/A,90 m,Feldkirch,Feldkirch," , Liechtensteinerstraße 59 "
1026,"Neue 3-Zimmerwohnung im 1. Obergeschoss Dornbirn 94,61 m²","€ 1.685,92",3 Zimmer,"94,61 m",Dornbirn,Dornbirn," , Bergmannstraße 2 "
1028,Schöne renovierte 4 Zimmerwohnung in Bregenz,€ 1.250,N/A,90 m,Bregenz,Bregenz," , Felchenstraße "
1030,Büroräumlichkeiten / Top 6,Preis auf Anfrage,N/A,110 m,Bludenz,Bludenz," , Wichnerstraße "
1032,Büroräumlichkeiten / Top 9,Preis auf Anfrage,N/A,110 m,Bludenz,Bludenz," , Wichnersstraße "
1034,Schöne 3-Zimmerwohnung im Herzen von Götzis zu vermieten!,€ 949,3 Zimmer,"76,89 m",Feldkirch,Götzis," , Hauptstraße 22 "
1036,2-Zimmer-Wohnung - Q4 Immo Wolfurt - Wohnen im Grünen!,€ 895,N/A,49 m,Bregenz,Wolfurt,
1038,Ferienapartment Gurtisspitze,"€ 747,34",2 Zimmer,43 m,Bludenz,Gurtis," , Bazora 1 "
1040,4-Zimmer Wohnung im Zentrum von Dornbirn,€ 1.660,4 Zimmer,"95,24 m",Dornbirn,Dornbirn," , Poststraße 1 "
1044,Gemütliche 2-Zimmer-Wohnung in Muntlix,"€ 642,55",2 Zimmer,38 m,Feldkirch,Muntlix," , Arkenstraße "
1046,"Neue 3-Zimmerwohnung W5 im 2. OG Dornbirn mit 94,61 m²","€ 1.737,96",3 Zimmer,"94,61 m",Dornbirn,Dornbirn," , Bergmannstraße "
1048,MÄDER - Einziehen und Wohlfühlen! Schöne 3-Zimmer-Wohnung zu vermieten!,Preis auf Anfrage,3 Zimmer,75 m,Feldkirch,Mäder," , Neue Landstraße 12 "
